Epochs,MaxReturn,NumTrajs,AvgModelEpochTime,ItrTime,PolicyExecTime,MinReturn,Time,Time-AgentEval,EnvExecTime,Time-EnvSampling,Time-ModelFit,n_timesteps,Time-EnvSampleProc,StdReturn,Itr,AverageReturn,AverageDiscountedReturn,Eval-AverageReturn
99,66.0,95,0.0663137149810791,36.33286738395691,0.021750211715698242,10.0,36.33287763595581,28.770411729812622,0.1176462173461914,0.15463614463806152,7.405217409133911,2000,0.0022897720336914062,10.373116756623217,0,21.094736842105263,18.68917955672502,181.72
4,200.0,14,0.1257923126220703,40.240875244140625,11.843812227249146,105.0,76.57955479621887,27.301164388656616,0.3732633590698242,12.267137050628662,0.6703555583953857,4000,0.001931905746459961,33.34582249024636,1,156.64285714285714,78.10648050030643,170.4
63,200.0,12,0.1745811216533184,49.99419355392456,10.963453769683838,120.0,126.57815170288086,26.978821277618408,0.3417854309082031,11.350693941116333,11.66268539428711,6000,0.0017402172088623047,28.828034195129497,2,169.33333333333334,80.9752100487939,166.48
15,200.0,12,0.23266121745109558,44.26525259017944,10.960864067077637,117.0,170.84767174720764,29.05577516555786,0.3452610969543457,11.351740837097168,3.853355884552002,8000,0.004141330718994141,30.74627348693388,3,174.0,81.69297197206582,181.72
90,200.0,13,0.2886278917501261,64.7539587020874,11.417803525924683,98.0,235.60652446746826,25.938711166381836,0.35838985443115234,11.823827028274536,26.98945903778076,10000,0.0016856193542480469,34.66509251470785,4,163.84615384615384,79.45662866262862,163.92
